index,k__Metazoa;p__Chordata;c__Actinopteri;o__Myctophiformes;f__Myctophidae;g__Lampanyctus;s__,k__Metazoa;p__Chordata;c__Actinopteri;o__Clupeiformes;f__Clupeidae;g__Clupea;s__pallasii,k__Metazoa;p__Chordata;c__Actinopteri;o__Gadiformes;f__Gadidae;g__Gadus;s__,k__Metazoa;p__Chordata;c__Actinopteri;o__Myctophiformes;f__Myctophidae;g__Stenobrachius;s__,k__Metazoa;p__Chordata;c__Actinopteri;o__Uranoscopiformes;f__Ammodytidae;g__Ammodytes;s__personatus,k__Metazoa;p__Chordata;c__Actinopteri;o__Osmeriformes;f__Salangidae;g__Mallotus;s__villosus,k__Metazoa;p__Chordata;c__Actinopteri;o__Perciformes;f__Zaproridae;g__Zaprora;s__silenus,k__Metazoa;p__Chordata;c__Actinopteri;o__Perciformes;f__Trichodontidae;g__Trichodon;s__trichodon,k__Metazoa;p__Chordata;c__Actinopteri;o__Gadiformes;f__Gadidae;g__;s__,k__Metazoa;p__Chordata;c__Actinopteri;o__Perciformes;f__Hexagrammidae;g__Hexagrammos;s__,k__Metazoa;p__Chordata;c__Actinopteri;o__Perciformes;f__Bathymasteridae;g__Bathymaster;s__signatus,k__Metazoa;p__Chordata;c__Actinopteri;o__Aulopiformes;f__Notosudidae;g__Scopelosaurus;s__harryi,k__Metazoa;p__Chordata;c__Actinopteri;o__Osmeriformes;f__Osmeridae;g__Thaleichthys;s__pacificus,k__Metazoa;p__Chordata;c__Actinopteri;o__Beryciformes;f__Melamphaidae;g__Poromitra;s__crassiceps,k__Metazoa;p__Chordata;c__Actinopteri;o__Salmoniformes;f__Salmonidae;g__Oncorhynchus;s__,k__Metazoa;p__Chordata;c__Actinopteri;o__Perciformes;f__Cryptacanthodidae;g__Cryptacanthodes;s__,k__Metazoa;p__Chordata;c__Actinopteri;o__Perciformes;f__Sebastidae;g__Sebastes;s__,k__Metazoa;p__Chordata;c__Actinopteri;o__Perciformes;f__Zoarcidae;g__Lycodapus;s__,k__Metazoa;p__Chordata;c__Actinopteri;o__Perciformes;f__Cottidae;g__Hemilepidotus;s__hemilepidotus,k__Metazoa;p__Chordata;c__Actinopteri;o__Perciformes;f__Stichaeidae;g__Leptoclinus;s__maculatus,k__Metazoa;p__Chordata;c__Actinopteri;o__Perciformes;f__Jordaniidae;g__Jordania;s__zonope,k__Metazoa;p__Chordata;c__Actinopteri;o__Perciformes;f__Stichaeidae;g__Anoplarchus;s__,k__Metazoa;p__Chordata;c__Actinopteri;o__Perciformes;f__Anoplopomatidae;g__Anoplopoma;s__fimbria,k__Metazoa;p__Chordata;c__Actinopteri;o__Perciformes;f__Cottidae;g__Artedius;s__harringtoni,k__Metazoa;p__Chordata;c__Actinopteri;o__Pleuronectiformes;f__Pleuronectidae;g__Atheresthes;s__stomias,k__Metazoa;p__Chordata;c__Actinopteri;o__Perciformes;f__Cottidae;g__Clinocottus;s__acuticeps,k__Metazoa;p__Chordata;c__Actinopteri;o__Perciformes;f__Cottidae;g__;s__,k__Metazoa;p__Chordata;c__Actinopteri;o__Salmoniformes;f__Salmonidae;g__Salmo;s__salar,k__Metazoa;p__Chordata;c__Actinopteri;o__Perciformes;f__Rhamphocottidae;g__Rhamphocottus;s__richardsonii,k__Metazoa;p__Chordata;c__Actinopteri;o__Perciformes;f__Hexagrammidae;g__Ophiodon;s__elongatus,k__Metazoa;p__Chordata;c__Actinopteri;o__Pleuronectiformes;f__Pleuronectidae;g__;s__,k__Metazoa;p__Chordata;c__Actinopteri;o__Scombriformes;f__Centrolophidae;g__Icichthys;s__lockingtoni,k__Metazoa;p__Chordata;c__Actinopteri;o__Myctophiformes;f__Myctophidae;g__Diaphus;s__theta,k__Metazoa;p__Chordata;c__Actinopteri;o__Perciformes;f__Cottidae;g__Enophrys;s__bison,k__Metazoa;p__Chordata;c__Actinopteri;o__Perciformes;f__Liparidae;g__Liparis;s__florae,k__Metazoa;p__Chordata;c__Actinopteri;o__Perciformes;f__Agonidae;g__Nautichthys;s__oculofasciatus,k__Metazoa;p__Chordata;c__Actinopteri;o__Perciformes;f__Liparidae;g__Liparis;s__greeni,Species,Colony,Age,Year,Type,Plate
BLKI-MID-AD-2024-1,598,757,0,2500,0,0,0,0,0,68,0,0,0,0,0,0,0,0,281,0,0,0,0,0,0,0,0,0,0,0,0,0,0,0,0,0,0,BLKI,MID,AD,2024,SAMPLE,99
BLKI-MID-AD-2024-10,0,0,0,400,0,28,0,0,0,0,0,0,0,0,0,0,0,0,0,0,0,0,0,0,0,0,0,0,0,0,0,0,0,0,0,0,0,BLKI,MID,AD,2024,SAMPLE,99
BLKI-MID-AD-2024-11,160590,6429,54,4349,0,0,0,0,0,3,0,0,0,0,0,0,0,0,0,0,0,0,0,0,0,0,0,0,0,0,0,0,0,0,0,0,0,BLKI,MID,AD,2024,SAMPLE,99
BLKI-MID-AD-2024-13,31454,0,0,236875,0,0,0,0,0,0,74019,0,0,0,0,29317,0,0,1331,0,0,0,46,0,7762,0,0,0,0,0,0,0,0,0,0,0,0,BLKI,MID,AD,2024,SAMPLE,99
BLKI-MID-AD-2024-14,333,0,0,108650,0,0,0,0,0,0,389,0,0,0,0,7002,0,0,15,0,0,0,7,0,103,0,0,0,0,0,0,0,0,0,0,0,0,BLKI,MID,AD,2024,SAMPLE,99
BLKI-MID-AD-2024-15,0,0,0,98,0,0,0,0,0,0,0,0,63877,0,0,0,0,0,0,0,0,0,0,0,0,0,0,0,0,0,0,0,0,0,0,0,0,BLKI,MID,AD,2024,SAMPLE,99
BLKI-MID-AD-2024-17,258,1409,0,1155,0,197,0,0,0,0,0,0,9950,0,0,466,0,0,752,0,0,0,0,178,0,0,0,0,0,0,0,0,0,0,0,0,0,BLKI,MID,AD,2024,SAMPLE,99
BLKI-MID-AD-2024-2,237,0,0,189,0,283,0,0,0,3929,0,0,0,0,0,0,0,0,0,0,0,0,0,0,0,0,0,0,0,0,0,0,0,0,0,0,0,BLKI,MID,AD,2024,SAMPLE,99
BLKI-MID-AD-2024-20,0,478,0,772,0,0,0,0,0,0,577,0,47946,0,0,10876,0,0,693,0,0,0,0,0,1680,0,0,0,0,0,0,0,0,0,0,0,0,BLKI,MID,AD,2024,SAMPLE,99
BLKI-MID-AD-2024-21,0,218,0,89,0,497,0,0,0,0,0,0,2535,0,0,88,0,0,0,0,0,0,0,0,0,0,0,0,0,0,0,0,0,0,0,0,0,BLKI,MID,AD,2024,SAMPLE,99
BLKI-MID-AD-2024-23,0,3188,0,16,0,24801,0,0,0,0,0,0,13957,0,0,0,17,0,100,0,0,0,0,0,0,0,0,0,0,0,0,0,0,68,0,0,0,BLKI,MID,AD,2024,SAMPLE,99
BLKI-MID-AD-2024-24,0,1289,0,0,0,313,0,0,0,716,0,0,160,0,0,0,0,0,0,0,0,0,0,0,0,0,0,0,0,0,0,0,0,0,0,0,0,BLKI,MID,AD,2024,SAMPLE,99
BLKI-MID-AD-2024-25,0,0,0,0,0,3674,0,0,0,0,2525,0,326,0,0,399,0,0,0,0,0,0,0,0,0,0,0,0,0,0,0,0,0,0,0,0,0,BLKI,MID,AD,2024,SAMPLE,99
BLKI-MID-AD-2024-26,0,2690,0,0,0,0,0,0,0,0,0,0,0,0,0,0,0,0,0,0,0,0,0,0,0,0,0,0,0,0,0,0,0,0,0,0,0,BLKI,MID,AD,2024,SAMPLE,99
BLKI-MID-AD-2024-27,0,8251,0,2639,0,0,0,0,0,0,0,0,0,0,0,0,0,0,0,0,0,0,0,0,0,0,0,0,0,0,0,0,0,0,0,0,0,BLKI,MID,AD,2024,SAMPLE,99
BLKI-MID-AD-2024-28,0,5395,0,0,0,6469,0,0,0,0,0,0,0,0,0,0,0,0,0,0,0,0,0,0,1216,0,0,0,0,0,0,0,0,0,0,0,0,BLKI,MID,AD,2024,SAMPLE,99
BLKI-MID-AD-2024-290,0,209,0,0,0,53,0,0,0,0,0,0,0,0,0,0,0,0,0,0,0,0,886,0,0,0,0,0,0,0,0,0,0,0,0,0,0,BLKI,MID,AD,2024,SAMPLE,102
BLKI-MID-AD-2024-3,0,0,0,0,0,0,0,0,0,0,0,0,0,0,0,209255,0,0,0,0,0,0,0,0,0,0,0,0,0,0,0,0,0,0,0,0,0,BLKI,MID,AD,2024,SAMPLE,99
BLKI-MID-AD-2024-30,0,175,0,0,391,256,0,0,0,14748,89,0,0,0,0,0,0,0,0,0,0,0,0,0,0,0,0,0,0,0,0,0,0,0,0,0,0,BLKI,MID,AD,2024,SAMPLE,100
BLKI-MID-AD-2024-31,0,1270,0,0,0,0,0,0,0,0,0,0,0,109075,0,405,0,0,0,0,0,0,0,0,0,0,0,0,0,0,0,0,0,0,0,0,0,BLKI,MID,AD,2024,SAMPLE,100
BLKI-MID-AD-2024-32,0,15,66,188051,0,26,0,0,0,0,0,0,0,0,0,0,0,0,0,0,0,0,0,0,0,0,0,0,0,0,0,0,0,0,0,0,0,BLKI,MID,AD,2024,SAMPLE,100
BLKI-MID-AD-2024-33,0,2268,0,0,0,33560,0,0,0,0,0,0,0,0,0,0,0,0,0,0,0,0,0,0,0,0,0,0,0,0,0,0,0,0,0,0,0,BLKI,MID,AD,2024,SAMPLE,100
BLKI-MID-AD-2024-34,0,0,0,0,0,43990,0,0,0,0,0,0,0,0,0,0,0,0,0,0,0,0,0,0,0,0,0,0,0,0,0,0,0,0,0,0,0,BLKI,MID,AD,2024,SAMPLE,100
BLKI-MID-AD-2024-35,0,659,0,0,0,1158,0,0,0,0,0,0,0,0,0,0,0,0,0,0,0,0,0,0,0,0,0,346,0,0,0,0,0,0,0,0,0,BLKI,MID,AD,2024,SAMPLE,100
BLKI-MID-AD-2024-36,0,221,0,461,0,8789,0,0,0,0,0,0,0,0,0,0,0,0,0,0,0,0,0,0,0,0,0,0,0,0,0,0,0,0,0,0,0,BLKI,MID,AD,2024,SAMPLE,100
BLKI-MID-AD-2024-37,0,622,0,0,0,72,0,0,0,0,0,0,0,0,0,0,0,0,0,0,0,0,0,0,0,0,0,0,0,46,0,0,0,0,0,0,0,BLKI,MID,AD,2024,SAMPLE,100
BLKI-MID-AD-2024-39,0,0,0,102373,0,0,0,0,0,0,0,0,0,2598,0,0,0,0,0,0,0,0,0,0,0,0,0,0,0,0,0,0,0,0,0,0,0,BLKI,MID,AD,2024,SAMPLE,100
BLKI-MID-AD-2024-4,0,250608,0,0,78,0,0,0,0,0,0,0,0,0,0,198,0,0,0,0,0,0,0,0,0,0,0,0,0,0,0,0,0,0,0,0,0,BLKI,MID,AD,2024,SAMPLE,99
BLKI-MID-AD-2024-40,0,968,0,5823,0,509,0,0,0,0,0,0,0,0,0,0,0,0,7,0,0,0,0,0,0,0,0,0,0,0,0,0,0,285,0,0,0,BLKI,MID,AD,2024,SAMPLE,100
BLKI-MID-AD-2024-41,0,127575,0,0,0,182687,0,0,0,0,0,0,0,0,0,0,0,0,0,0,0,0,0,0,0,0,0,0,0,0,0,0,0,0,0,0,0,BLKI,MID,AD,2024,SAMPLE,100
BLKI-MID-AD-2024-42,0,0,0,0,327,909,0,0,0,0,0,0,0,0,0,0,0,0,0,0,0,0,0,0,0,0,0,0,0,0,0,0,0,0,0,0,0,BLKI,MID,AD,2024,SAMPLE,100
BLKI-MID-AD-2024-43,0,84203,0,0,0,0,0,0,0,0,0,0,0,0,0,0,0,0,0,0,0,0,0,0,0,0,0,0,0,0,0,0,0,0,0,0,0,BLKI,MID,AD,2024,SAMPLE,100
BLKI-MID-AD-2024-44,0,43540,0,0,0,275,0,0,0,0,0,0,0,0,0,0,0,0,0,0,0,0,0,0,0,0,0,0,0,0,0,0,0,0,0,0,0,BLKI,MID,AD,2024,SAMPLE,100
BLKI-MID-AD-2024-45,0,160791,0,0,0,19,0,0,0,0,0,0,0,0,0,0,107181,0,0,0,0,13,60,0,17189,0,0,0,0,136,0,0,0,0,0,0,0,BLKI,MID,AD,2024,SAMPLE,100
BLKI-MID-AD-2024-46,0,45069,0,0,0,0,0,0,0,0,0,0,0,0,0,0,0,0,0,0,0,0,0,0,0,0,0,0,0,0,0,0,0,0,0,0,0,BLKI,MID,AD,2024,SAMPLE,100
BLKI-MID-AD-2024-47,0,64678,3694,0,936,15509,0,0,0,72454,0,0,0,0,0,0,0,0,0,0,0,0,0,0,387,0,0,0,0,0,0,0,0,0,0,0,0,BLKI,MID,AD,2024,SAMPLE,100
BLKI-MID-AD-2024-48,0,1508,0,0,0,986,0,0,0,0,0,0,4,0,0,0,0,0,0,0,0,0,0,0,0,0,0,0,0,0,0,0,0,0,0,0,0,BLKI,MID,AD,2024,SAMPLE,100
BLKI-MID-AD-2024-49,0,8835,0,0,0,0,0,0,0,0,0,0,0,0,0,0,0,0,0,0,0,0,0,0,0,0,0,0,0,0,0,0,0,0,0,0,0,BLKI,MID,AD,2024,SAMPLE,100
BLKI-MID-AD-2024-5,0,856,0,0,0,0,0,0,0,0,0,0,21085,0,0,0,0,0,0,0,0,0,0,0,0,0,0,0,0,0,0,0,0,0,0,0,0,BLKI,MID,AD,2024,SAMPLE,99
BLKI-MID-AD-2024-50,0,8773,0,0,0,0,0,0,0,0,0,0,0,0,0,0,0,0,2567,0,0,0,0,0,0,0,0,0,0,0,0,0,0,0,0,0,0,BLKI,MID,AD,2024,SAMPLE,100
BLKI-MID-AD-2024-51,0,16451,0,0,0,0,0,0,0,0,0,0,0,0,0,0,0,0,0,0,0,0,0,0,0,0,0,0,0,0,0,0,0,0,0,0,0,BLKI,MID,AD,2024,SAMPLE,100
BLKI-MID-AD-2024-52,0,192447,0,0,0,0,0,0,0,0,0,0,0,0,0,0,0,0,8980,0,0,49440,0,16,0,0,0,0,0,0,0,0,0,0,2608,0,0,BLKI,MID,AD,2024,SAMPLE,100
BLKI-MID-AD-2024-53,0,224015,0,0,0,0,0,0,0,0,0,0,0,0,0,0,0,0,0,0,0,9320,0,0,0,0,0,0,0,0,0,0,0,0,0,0,0,BLKI,MID,AD,2024,SAMPLE,100
BLKI-MID-AD-2024-54,0,172623,0,0,0,169,0,0,0,628,0,0,0,0,0,0,0,0,0,0,0,1160,0,0,0,0,0,0,0,0,0,0,0,0,0,0,0,BLKI,MID,AD,2024,SAMPLE,100
BLKI-MID-AD-2024-55,0,8954,0,0,0,404,0,0,0,0,0,0,0,0,0,0,0,0,0,0,0,3307,0,0,0,0,0,0,0,0,0,0,0,0,0,0,0,BLKI,MID,AD,2024,SAMPLE,100
BLKI-MID-AD-2024-56,0,263771,0,0,0,0,0,0,0,0,0,0,0,0,0,0,0,0,0,0,0,0,0,0,0,0,0,0,0,0,0,0,0,0,0,0,0,BLKI,MID,AD,2024,SAMPLE,100
BLKI-MID-AD-2024-57,0,189612,0,0,0,127,0,0,0,0,0,0,0,0,0,0,0,0,0,0,0,0,0,0,0,0,0,0,0,0,0,0,0,0,0,0,0,BLKI,MID,AD,2024,SAMPLE,100
BLKI-MID-AD-2024-58,10339,13,12,149333,0,0,0,0,0,0,0,108035,0,0,0,0,0,0,0,0,0,0,0,0,0,0,0,0,0,0,0,0,0,0,0,0,0,BLKI,MID,AD,2024,SAMPLE,100
BLKI-MID-AD-2024-59,0,265248,55,0,181,356,0,0,0,0,0,0,0,0,0,0,1763,0,0,0,0,0,0,0,0,0,0,0,0,0,0,0,0,0,0,0,0,BLKI,MID,AD,2024,SAMPLE,100
BLKI-MID-AD-2024-6,0,339400,0,0,0,6610,0,0,0,0,0,0,0,0,0,0,0,0,0,0,0,0,0,0,0,0,0,0,0,0,0,0,0,0,0,0,0,BLKI,MID,AD,2024,SAMPLE,99
BLKI-MID-AD-2024-60,13398,44840,14051,0,0,0,0,0,11040,0,0,8,0,0,0,0,235,0,1129,0,0,0,0,0,0,0,0,0,0,0,0,0,0,0,0,0,0,BLKI,MID,AD,2024,SAMPLE,101
BLKI-MID-AD-2024-61,25514,0,0,50751,0,0,0,0,0,0,0,0,0,0,0,0,0,0,0,0,0,0,0,0,0,0,0,0,0,0,0,0,0,0,0,0,0,BLKI,MID,AD,2024,SAMPLE,101
BLKI-MID-AD-2024-62,10,57,4331,0,0,0,799,0,2269,0,0,0,0,0,0,0,0,0,0,0,0,0,0,0,0,0,0,0,0,0,0,0,0,0,0,0,0,BLKI,MID,AD,2024,SAMPLE,101
BLKI-MID-AD-2024-63,0,154488,6076,0,0,129,0,0,919,0,0,0,0,0,0,0,2613,0,0,0,0,0,0,0,0,0,0,0,0,0,0,0,0,0,0,0,0,BLKI,MID,AD,2024,SAMPLE,101
BLKI-MID-AD-2024-64,52090,2426,67129,14366,0,0,0,0,57023,0,0,0,0,0,0,0,0,0,10,0,0,0,38,13,0,0,0,0,0,0,0,0,0,0,0,0,0,BLKI,MID,AD,2024,SAMPLE,101
BLKI-MID-AD-2024-65,238,95366,579,130745,241,0,0,0,1066,249,0,0,0,0,0,0,0,0,0,0,0,0,0,0,0,0,0,0,0,0,0,0,0,0,0,0,0,BLKI,MID,AD,2024,SAMPLE,101
BLKI-MID-AD-2024-66,0,6084,0,0,3,0,0,0,0,0,0,0,0,0,0,0,0,0,0,0,0,0,0,0,0,0,0,0,0,0,0,0,0,0,0,0,0,BLKI,MID,AD,2024,SAMPLE,101
BLKI-MID-AD-2024-67,0,94280,1349,0,691,0,0,0,8415,0,0,0,0,0,0,0,0,0,0,0,0,0,0,0,0,0,0,0,0,0,0,0,0,0,0,0,0,BLKI,MID,AD,2024,SAMPLE,101
BLKI-MID-AD-2024-68,0,64317,391,0,182,208,0,0,362,440,0,0,0,0,0,0,0,0,0,0,0,0,0,0,0,0,0,0,0,0,0,0,0,0,0,0,0,BLKI,MID,AD,2024,SAMPLE,101
BLKI-MID-AD-2024-69,0,86479,192,0,0,65220,0,0,28,0,0,0,0,0,0,0,0,0,0,0,0,0,0,0,0,0,0,0,0,6,0,0,0,0,0,0,0,BLKI,MID,AD,2024,SAMPLE,101
BLKI-MID-AD-2024-7,0,455,0,222151,0,56,0,0,0,0,0,0,0,511,0,4456,0,0,0,0,0,0,0,0,0,0,0,0,0,0,0,0,0,0,0,0,0,BLKI,MID,AD,2024,SAMPLE,99
BLKI-MID-AD-2024-70,0,80229,0,226,58,0,0,0,115,0,0,0,0,0,0,0,0,0,0,0,0,0,0,0,0,0,0,0,0,0,0,0,0,0,0,0,0,BLKI,MID,AD,2024,SAMPLE,101
BLKI-MID-AD-2024-71,0,14136,3330,0,0,8,0,0,2965,0,0,0,0,0,0,0,0,0,0,0,0,0,240,0,0,0,0,0,0,7,0,0,0,0,0,0,0,BLKI,MID,AD,2024,SAMPLE,101
BLKI-MID-AD-2024-72,0,37841,1248,0,0,981,0,0,9690,0,0,0,0,0,0,0,0,0,0,0,0,0,0,0,0,0,0,0,0,0,0,0,0,0,0,0,0,BLKI,MID,AD,2024,SAMPLE,101
BLKI-MID-AD-2024-73,0,162986,598,0,0,553,0,0,61,0,0,0,7,0,0,0,0,0,0,0,0,0,0,0,0,0,0,0,0,0,0,0,0,0,0,0,0,BLKI,MID,AD,2024,SAMPLE,101
BLKI-MID-AD-2024-74,0,54242,111,0,62,84729,0,0,59705,0,0,0,0,0,0,0,0,0,0,0,0,0,0,0,0,0,0,0,0,0,0,0,0,0,0,0,0,BLKI,MID,AD,2024,SAMPLE,101
BLKI-MID-AD-2024-75,4094,0,0,60585,0,0,0,0,0,0,0,0,0,0,0,0,0,0,0,0,0,0,0,0,0,0,0,0,0,0,0,0,0,0,0,0,0,BLKI,MID,AD,2024,SAMPLE,101
BLKI-MID-AD-2024-76,0,76156,88,21,0,19,0,0,21294,0,0,0,0,0,17194,0,0,0,0,0,0,0,0,0,0,0,0,0,0,0,0,0,0,0,0,0,0,BLKI,MID,AD,2024,SAMPLE,101
BLKI-MID-AD-2024-77,312,1422,36,82,0,8,0,0,546,0,0,8,0,0,120376,0,0,0,0,0,0,0,0,0,0,0,0,0,0,0,0,0,0,0,0,0,0,BLKI,MID,AD,2024,SAMPLE,101
BLKI-MID-AD-2024-78,0,175287,29966,183,0,0,0,0,0,0,0,0,0,0,7,0,0,0,0,0,0,0,0,0,0,0,0,0,0,0,0,0,0,0,0,0,0,BLKI,MID,AD,2024,SAMPLE,101
BLKI-MID-AD-2024-79,0,107371,77,0,83868,0,0,0,0,0,0,0,0,0,0,0,0,0,18,0,0,0,0,0,0,0,0,0,0,27998,0,0,0,0,0,0,0,BLKI,MID,AD,2024,SAMPLE,101
BLKI-MID-AD-2024-8,0,6474,0,590,0,0,0,0,0,225,0,0,0,0,0,0,0,0,0,0,0,0,0,0,0,0,0,0,0,0,0,0,0,0,0,0,0,BLKI,MID,AD,2024,SAMPLE,99
BLKI-MID-AD-2024-80,0,2860,22057,0,0,0,0,0,58261,0,0,0,101274,0,0,0,0,0,0,0,0,0,0,0,0,0,0,0,0,0,0,0,0,0,0,0,0,BLKI,MID,AD,2024,SAMPLE,101
BLKI-MID-AD-2024-81,0,81623,0,77,0,3,0,0,169,0,0,0,0,0,0,0,0,0,0,0,0,0,0,0,0,0,0,0,0,0,0,0,0,0,0,0,0,BLKI,MID,AD,2024,SAMPLE,101
BLKI-MID-AD-2024-82,0,29090,98,0,0,20,0,0,0,0,0,0,0,0,69,0,0,0,0,0,0,0,0,0,0,0,0,0,0,0,0,0,0,0,0,0,0,BLKI,MID,AD,2024,SAMPLE,101
BLKI-MID-AD-2024-83,0,48990,1405,0,0,63408,0,0,538,0,0,0,4,0,0,0,0,0,289,0,63,0,0,0,0,0,0,0,0,0,0,0,0,0,0,0,0,BLKI,MID,AD,2024,SAMPLE,101
BLKI-MID-AD-2024-84,0,304,0,212,349,9640,0,0,33,0,0,0,0,0,76517,0,0,0,0,0,0,0,0,0,0,0,0,0,0,0,0,0,0,0,0,0,0,BLKI,MID,AD,2024,SAMPLE,101
BLKI-MID-AD-2024-85,0,747,178044,0,9372,5,0,0,21623,3098,0,0,0,0,1632,0,0,0,0,0,0,0,0,0,0,0,0,0,0,0,0,0,0,0,0,0,0,BLKI,MID,AD,2024,SAMPLE,101
BLKI-MID-AD-2024-86,0,383,1214,0,13,10904,0,0,258,27,0,0,0,0,86,0,0,0,95,0,0,0,0,376,0,0,0,0,0,0,0,0,0,0,0,0,0,BLKI,MID,AD,2024,SAMPLE,101
BLKI-MID-AD-2024-87,0,248527,1972,0,0,944,0,0,0,0,0,0,0,0,0,0,0,0,0,0,0,0,0,0,0,0,0,0,0,91,0,0,0,0,0,0,0,BLKI,MID,AD,2024,SAMPLE,101
BLKI-MID-AD-2024-88,0,245707,0,0,0,0,0,0,0,0,0,0,0,0,0,0,0,0,0,0,0,0,0,0,0,0,0,0,0,0,0,0,0,0,0,0,0,BLKI,MID,AD,2024,SAMPLE,102
BLKI-MID-AD-2024-89,0,51,0,96451,0,0,0,0,0,0,0,0,0,0,0,0,0,0,0,0,0,0,0,0,0,0,0,0,0,0,0,0,0,0,0,0,0,BLKI,MID,AD,2024,SAMPLE,102
BLKI-MID-AD-2024-9,0,495,0,113,0,0,0,0,0,0,0,0,9115,0,0,0,0,0,0,0,0,0,0,0,0,0,0,0,0,0,0,0,0,0,0,0,0,BLKI,MID,AD,2024,SAMPLE,99
BLKI-MID-AD-2024-90,0,0,0,0,0,64125,0,0,0,0,0,0,0,0,0,0,0,0,0,0,0,0,0,0,0,0,0,0,0,0,0,0,0,0,0,0,0,BLKI,MID,AD,2024,SAMPLE,102
BLKI-MID-AD-2024-91,0,0,0,0,0,15705,0,0,0,0,0,0,0,0,0,0,0,0,0,0,0,0,0,0,0,0,0,0,0,0,0,0,0,0,0,0,0,BLKI,MID,AD,2024,SAMPLE,102
BLKI-MID-AD-2024-92,0,0,0,0,0,7465,0,0,0,0,0,0,0,0,0,0,0,0,0,0,0,0,0,0,0,0,0,0,0,0,0,0,0,0,0,0,0,BLKI,MID,AD,2024,SAMPLE,102
BLKI-MID-AD-2024-93,1229,276,0,0,0,18,0,0,0,373123,0,0,6287,0,0,0,0,0,0,0,0,0,100920,0,0,0,0,0,0,0,0,0,0,0,0,0,0,BLKI,MID,AD,2024,SAMPLE,102
BLKI-MID-AD-2024-94,0,18820,613,0,44,0,147,101802,0,293,0,0,0,0,0,0,0,0,509,0,0,0,0,20,0,0,0,0,0,11049,0,0,0,0,0,0,0,BLKI,MID,AD,2024,SAMPLE,102
BLKI-MID-AD-2024-95,836,3898,1354,952,0,6120,0,29,230,1235,0,0,32906,0,117,0,0,0,1861,0,133,0,0,0,0,0,0,0,0,0,0,0,0,0,0,0,0,BLKI,MID,AD,2024,SAMPLE,102
BLKI-MID-AD-2024-96,0,0,210088,0,0,56641,0,0,0,0,0,0,0,0,0,0,0,0,0,0,0,0,0,0,0,0,0,0,0,0,0,0,0,0,0,0,0,BLKI,MID,AD,2024,SAMPLE,102
BLKI-MID-AD-2024-97,0,465314,0,0,0,0,0,0,0,0,0,0,0,0,0,0,627,0,0,0,0,0,0,0,0,0,0,0,0,0,0,0,0,0,0,0,0,BLKI,MID,AD,2024,SAMPLE,102
BLKI-MID-AD-2024-98,0,261484,0,0,0,0,0,0,0,0,0,0,0,0,0,0,0,0,0,0,0,0,0,0,0,0,0,0,0,0,0,0,0,0,0,0,0,BLKI,MID,AD,2024,SAMPLE,102
P01,0,122018,0,0,0,0,0,0,0,0,0,0,0,0,0,0,0,0,0,0,0,0,0,0,0,0,0,0,0,0,0,0,0,0,0,0,0,BLKI,MID,AD,2023,SAMPLE,75
P02,0,2306,0,0,0,187336,0,0,0,0,0,0,3742,0,0,0,0,0,0,0,0,0,0,0,0,0,0,0,0,0,2256,0,0,0,0,0,0,BLKI,MID,AD,2023,SAMPLE,75
P03,0,22176,0,291,294,160550,0,0,0,0,0,0,230,0,0,0,0,0,1849,0,0,0,0,0,0,0,0,0,0,0,0,0,2091,0,1762,0,323,BLKI,MID,AD,2023,SAMPLE,75
P04,0,52212,0,0,12952,689,0,0,0,0,0,0,4,0,0,0,0,0,0,0,0,0,0,0,0,0,0,0,0,0,0,0,0,0,7656,0,4494,BLKI,MID,AD,2023,SAMPLE,75
P05,0,186371,25,0,0,587,0,0,0,0,0,0,0,0,0,0,0,0,0,0,0,0,0,0,0,0,0,0,0,0,0,0,0,0,0,0,0,BLKI,MID,AD,2023,SAMPLE,75
P06,0,59427,0,0,0,0,0,0,0,0,0,0,0,0,0,0,0,0,0,0,0,0,0,0,0,0,0,0,0,0,0,0,0,0,0,0,0,BLKI,MID,AD,2023,SAMPLE,75
P07,0,2413,0,0,0,7646,0,0,0,0,0,0,0,0,0,0,0,4318,0,0,0,0,0,0,0,0,0,0,0,0,0,0,0,0,0,0,0,BLKI,MID,AD,2023,SAMPLE,75
P08,0,79989,0,0,0,0,0,0,13687,0,0,0,0,0,0,0,0,0,0,0,0,0,0,0,0,0,0,0,0,0,0,0,0,0,0,0,0,BLKI,MID,AD,2023,SAMPLE,75
P09,0,723,0,0,0,99398,0,0,0,0,0,0,0,0,0,0,0,0,0,0,0,0,0,0,0,0,0,0,0,0,0,0,0,0,0,0,0,BLKI,MID,AD,2023,SAMPLE,75
P10,0,0,0,0,0,96889,0,0,0,0,0,0,435,0,0,0,0,0,0,0,0,0,0,0,0,0,0,0,0,0,0,0,0,0,0,0,0,BLKI,MID,AD,2023,SAMPLE,75
P100,0,224904,0,0,0,28,0,0,0,0,0,0,0,0,0,0,0,0,0,0,0,2630,0,0,0,0,0,0,0,0,0,0,0,0,0,0,0,BLKI,MID,AD,2023,SAMPLE,76
P101,308,44383,0,2906,0,107032,0,0,0,0,0,0,0,0,0,0,0,0,0,0,0,0,0,0,0,0,0,0,0,0,0,0,0,0,0,0,212,BLKI,MID,AD,2023,SAMPLE,76
P102,0,9,0,2,0,201922,0,0,0,0,0,0,0,0,0,0,0,0,0,0,0,0,0,0,0,0,0,0,0,0,0,0,0,0,0,0,0,BLKI,MID,AD,2023,SAMPLE,76
P103,0,231091,0,0,7620,0,0,0,393,0,0,0,0,0,1427,0,0,0,0,0,0,0,0,0,0,0,0,0,0,0,0,0,0,0,0,0,0,BLKI,MID,AD,2023,SAMPLE,76
P104,0,102063,0,0,0,126092,0,0,0,0,0,0,0,0,0,0,0,0,0,0,0,0,0,0,0,0,0,0,0,0,0,0,0,0,0,0,0,BLKI,MID,AD,2023,SAMPLE,76
P105,76,9979,0,268287,690,1205,0,165,0,0,0,0,0,0,317,0,0,0,131,0,0,0,608,0,0,0,0,0,0,168,0,0,0,0,0,0,148,BLKI,MID,AD,2023,SAMPLE,76
P106,0,2955,1120,0,0,8859,68632,0,23699,0,0,0,0,0,0,0,0,0,0,0,0,0,0,0,0,0,0,0,0,0,0,0,0,0,0,0,0,BLKI,MID,AD,2023,SAMPLE,76
P107,325,9604,1033,1387,134,0,0,0,0,828,0,0,0,0,0,0,0,0,914,0,0,0,0,0,0,0,0,0,0,0,0,0,0,0,0,0,0,BLKI,MID,AD,2023,SAMPLE,76
P108,0,119,117,677,0,15996,0,0,0,129620,0,0,0,0,0,0,0,0,0,0,0,0,0,0,0,0,0,0,0,0,0,0,0,0,0,0,0,BLKI,MID,AD,2023,SAMPLE,76
P109,0,145895,0,0,0,0,0,0,0,0,0,0,0,0,0,0,0,0,0,0,0,0,0,0,0,0,0,0,0,0,0,0,0,0,0,0,0,BLKI,MID,AD,2023,SAMPLE,76
P11,0,0,0,0,0,65595,0,0,0,0,0,0,963,0,0,0,0,0,0,0,0,0,0,0,0,0,0,0,0,0,0,0,0,0,0,0,0,BLKI,MID,AD,2023,SAMPLE,75
P110,0,252884,0,0,0,4,0,0,0,0,0,0,0,0,0,0,0,0,0,0,0,0,0,0,0,0,0,0,0,0,0,0,0,0,0,0,0,BLKI,MID,AD,2023,SAMPLE,76
P111,0,36613,0,0,0,0,0,0,0,0,0,0,0,0,4490,0,0,0,0,0,0,0,0,0,0,0,0,0,0,0,0,0,0,0,0,0,0,BLKI,MID,AD,2023,SAMPLE,76
P112,91266,1090,0,256440,44,0,0,0,0,0,0,0,0,0,0,0,0,0,0,0,0,0,0,247,0,0,0,0,0,0,0,0,0,0,0,0,0,BLKI,MID,AD,2023,SAMPLE,76
P115,0,109434,0,705,638,4882,955,0,0,0,0,0,0,0,1558,0,0,0,0,0,0,0,0,0,0,0,0,0,0,0,0,0,0,0,0,0,0,BLKI,MID,AD,2023,SAMPLE,76
P117,0,109095,1640,0,0,4710,0,0,2750,0,0,0,0,0,0,0,0,0,0,0,0,0,0,0,0,0,0,0,0,0,0,0,0,0,0,0,0,BLKI,MID,AD,2023,SAMPLE,76
P118,0,136538,0,0,0,3,0,0,0,0,0,0,0,0,0,0,0,0,0,0,0,0,0,0,0,0,0,0,0,0,0,0,0,0,0,0,0,BLKI,MID,AD,2023,SAMPLE,76
P119,0,6453,0,0,551,279839,0,0,0,0,0,0,0,0,0,0,0,0,0,0,0,0,0,0,0,0,0,0,0,0,0,0,0,0,0,0,0,BLKI,MID,AD,2023,SAMPLE,76
P12,0,185037,0,0,0,0,0,0,0,0,0,0,419,0,0,0,0,0,0,0,0,0,0,0,0,0,0,0,0,0,0,0,0,0,0,0,0,BLKI,MID,AD,2023,SAMPLE,75
P120,0,77996,0,0,5457,609,0,0,104227,0,0,0,0,0,0,0,0,0,0,0,0,0,0,0,0,0,0,0,0,0,0,0,0,0,0,0,0,BLKI,MID,AD,2023,SAMPLE,76
P122,134,4874,107,435,1333,7284,0,0,360,840,0,0,19,0,98,0,0,0,0,0,0,0,0,0,0,0,0,0,0,0,0,0,0,169,0,0,0,BLKI,MID,AD,2023,SAMPLE,76
P123,0,105652,174089,0,0,6,0,0,0,0,0,0,0,0,0,0,0,0,0,0,0,0,0,0,0,0,0,0,0,0,0,0,0,0,0,0,0,BLKI,MID,AD,2023,SAMPLE,76
P124,0,66060,0,0,0,0,0,0,0,0,0,0,0,0,0,0,0,0,0,0,0,0,0,0,0,0,0,0,0,0,0,0,0,0,0,0,0,BLKI,MID,AD,2023,SAMPLE,76
P125,0,19506,0,0,0,918,0,0,0,0,0,0,0,0,0,0,0,0,0,0,0,0,0,0,0,0,0,0,0,0,0,0,0,0,0,0,0,BLKI,MID,AD,2023,SAMPLE,76
P13,0,54432,0,0,0,8119,0,0,0,708,0,0,0,0,0,0,0,0,0,0,0,0,0,0,0,0,0,0,0,0,0,0,0,0,0,0,0,BLKI,MID,AD,2023,SAMPLE,75
P14,0,0,0,0,0,944,0,0,0,0,0,0,0,0,0,0,0,0,1548,0,0,0,0,0,0,0,0,0,0,0,0,0,0,0,0,0,0,BLKI,MID,AD,2023,SAMPLE,75
P15,0,873,0,0,0,127094,0,0,0,10,0,0,7,0,0,0,0,0,14,0,14,0,0,0,0,0,0,0,0,0,0,0,0,0,0,0,0,BLKI,MID,AD,2023,SAMPLE,75
P16,0,8306,0,1110,0,18978,0,0,0,0,0,0,69036,0,0,0,0,0,0,0,0,0,0,0,0,0,0,0,0,0,0,0,0,0,0,0,0,BLKI,MID,AD,2023,SAMPLE,75
P17,0,0,0,0,0,0,0,0,0,0,0,0,31473,0,0,0,0,0,0,0,0,0,0,0,0,0,0,0,0,0,0,0,0,0,0,0,0,BLKI,MID,AD,2023,SAMPLE,75
P18,0,23349,0,2333,0,1727,0,0,0,0,0,0,0,0,0,0,0,0,0,0,0,0,0,0,0,0,0,0,0,0,0,0,0,0,0,0,0,BLKI,MID,AD,2023,SAMPLE,75
P19,0,0,0,26698,0,0,0,0,0,0,0,0,0,0,0,0,0,0,0,0,0,0,0,0,0,0,0,0,0,0,0,0,0,0,0,0,0,BLKI,MID,AD,2023,SAMPLE,75
P21,0,20877,0,0,0,0,0,0,0,0,0,0,0,0,0,0,0,0,0,0,0,0,0,0,0,0,0,0,0,0,0,0,0,0,0,0,0,BLKI,MID,AD,2023,SAMPLE,75
P22,0,143145,0,0,0,1777,0,0,0,0,0,0,0,0,0,0,0,0,0,0,0,0,0,0,0,0,0,0,0,0,0,0,0,0,0,0,0,BLKI,MID,AD,2023,SAMPLE,75
P23,0,0,0,0,0,4734,0,0,0,0,0,0,0,0,0,0,0,0,0,0,0,0,0,0,0,0,0,0,0,0,0,0,0,0,0,0,0,BLKI,MID,AD,2023,SAMPLE,75
P24,0,25301,0,0,0,225437,0,0,0,0,0,0,0,0,0,0,0,981,0,0,0,0,0,0,0,0,0,0,0,0,0,0,0,0,0,0,0,BLKI,MID,AD,2023,SAMPLE,75
P26,0,0,0,0,0,319,0,0,0,0,0,0,135056,0,0,0,0,0,0,0,0,0,0,0,0,0,0,0,0,0,0,0,0,0,0,0,0,BLKI,MID,AD,2023,SAMPLE,75
P27,0,0,0,0,0,70,0,0,0,0,0,0,165322,0,0,0,0,0,0,0,0,0,0,0,0,0,0,0,0,0,0,0,0,0,0,0,0,BLKI,MID,AD,2023,SAMPLE,75
P28,0,1836,0,0,86364,1206,0,0,0,0,0,0,0,0,0,0,0,419,0,0,0,0,0,0,0,0,0,0,0,0,0,0,0,0,0,0,0,BLKI,MID,AD,2023,SAMPLE,75
P30,0,104617,0,0,0,262,0,0,0,0,0,0,362,0,0,0,0,0,0,0,0,0,0,0,0,0,0,0,0,0,0,0,0,0,0,0,0,BLKI,MID,AD,2023,SAMPLE,75
P35,0,0,0,0,0,117,0,0,0,0,0,0,28325,0,0,0,0,0,0,0,0,0,0,0,0,0,0,0,0,0,0,0,0,0,0,0,0,BLKI,MID,AD,2023,SAMPLE,75
P36,0,0,0,0,2104,588,0,0,0,0,0,0,2268,0,0,0,0,0,0,0,0,0,0,0,0,0,0,0,0,0,0,0,0,0,0,0,0,BLKI,MID,AD,2023,SAMPLE,75
P37,0,0,0,0,82897,11656,0,0,0,0,0,0,80931,0,0,0,0,7201,0,0,0,0,0,0,0,0,0,0,0,0,0,0,0,0,0,0,0,BLKI,MID,AD,2023,SAMPLE,75
P38,0,416,0,0,20312,1044,0,0,0,0,0,0,97057,0,0,0,0,0,0,0,0,0,0,0,0,0,0,0,0,0,0,0,0,0,0,0,0,BLKI,MID,AD,2023,SAMPLE,75
P39,0,1247,0,0,0,0,0,0,0,0,0,0,149201,0,0,0,0,0,0,0,0,0,0,0,0,0,0,0,0,0,0,0,0,0,0,0,0,BLKI,MID,AD,2023,SAMPLE,75
P40,0,7199,0,0,0,18758,0,0,0,0,0,0,21153,0,0,0,0,0,0,0,0,0,0,0,0,0,0,0,0,0,0,0,0,0,0,0,0,BLKI,MID,AD,2023,SAMPLE,75
P41,0,42165,0,0,0,3557,0,0,0,0,0,0,171861,0,0,0,0,0,0,0,0,0,0,0,0,0,0,0,0,0,0,0,0,0,0,0,0,BLKI,MID,AD,2023,SAMPLE,75
P43,0,2444,0,0,0,0,0,0,0,0,0,0,18455,0,0,0,0,0,0,0,0,0,0,0,0,0,0,0,0,0,0,0,0,0,0,0,0,BLKI,MID,AD,2023,SAMPLE,75
P44,0,396434,0,0,0,1361,0,0,0,0,0,0,19410,0,0,0,0,0,0,0,0,0,0,0,0,0,0,0,0,0,0,0,0,0,0,0,0,BLKI,MID,AD,2023,SAMPLE,75
P45,0,22200,0,0,0,151555,0,0,0,0,0,0,0,0,0,0,0,0,0,2892,0,0,0,0,0,0,0,0,0,0,0,0,0,0,0,0,0,BLKI,MID,AD,2023,SAMPLE,75
P46,0,37021,0,0,0,85,0,0,0,0,0,0,196644,0,0,0,0,0,0,0,0,0,0,0,0,0,0,0,0,0,0,0,0,0,0,0,0,BLKI,MID,AD,2023,SAMPLE,75
P47,0,9513,0,0,104688,5322,0,0,0,0,0,0,148914,0,0,0,0,0,0,0,0,0,0,0,0,0,0,0,0,0,0,0,0,0,0,0,0,BLKI,MID,AD,2023,SAMPLE,75
P48,0,1062,0,0,24536,1947,0,0,0,0,0,0,179293,0,0,0,0,0,0,0,0,0,0,0,0,0,0,0,0,0,0,0,0,0,0,0,0,BLKI,MID,AD,2023,SAMPLE,75
P49,0,0,0,0,0,0,0,0,0,0,0,0,167908,0,0,0,0,0,0,0,0,0,0,0,0,0,0,0,0,0,0,0,0,0,0,0,0,BLKI,MID,AD,2023,SAMPLE,75
P51,0,270645,0,0,0,19708,0,0,0,0,0,0,0,0,0,0,0,0,0,0,0,0,0,0,0,0,0,0,0,0,0,0,0,0,0,0,0,BLKI,MID,AD,2023,SAMPLE,75
P52,0,2836,0,0,0,0,0,0,0,0,0,0,467096,0,0,0,0,0,0,0,0,0,0,0,0,0,0,0,0,0,0,0,0,0,0,0,0,BLKI,MID,AD,2023,SAMPLE,75
P53,0,3309,0,0,0,0,0,0,0,0,0,0,1818,0,0,0,0,0,0,0,0,0,0,0,0,0,0,0,0,0,0,0,0,0,0,0,0,BLKI,MID,AD,2023,SAMPLE,75
P55,0,1205,0,0,127865,9968,0,0,0,0,0,0,47587,0,0,0,0,0,0,0,0,0,0,0,0,0,0,0,0,0,0,0,0,0,0,0,0,BLKI,MID,AD,2023,SAMPLE,75
P56,0,0,0,0,60404,125004,0,0,0,0,0,0,5001,0,0,0,0,0,0,0,0,0,0,0,0,0,0,0,0,0,0,0,0,0,0,0,0,BLKI,MID,AD,2023,SAMPLE,75
P57,0,70,0,0,228,286135,0,0,0,0,0,0,11650,0,0,0,0,0,0,0,0,0,0,0,0,0,0,0,0,0,0,0,0,0,0,0,0,BLKI,MID,AD,2023,SAMPLE,75
P58,0,0,0,0,0,123588,0,0,0,0,0,0,0,0,0,0,0,0,0,0,0,0,0,0,0,0,0,0,0,0,0,0,0,0,0,0,0,BLKI,MID,AD,2023,SAMPLE,75
P59,0,0,0,0,0,15764,0,0,0,0,0,0,2013,0,0,0,0,0,0,0,0,0,0,0,0,0,0,0,0,0,0,0,0,0,0,0,0,BLKI,MID,AD,2023,SAMPLE,75
P60,0,0,0,0,0,103192,0,0,0,0,0,0,664,0,0,0,0,0,0,0,0,0,0,0,0,0,0,0,0,0,0,0,0,0,0,0,0,BLKI,MID,AD,2023,SAMPLE,75
P62,0,485,18453,0,0,163356,0,0,0,0,0,0,6,0,0,0,0,0,122,0,0,0,0,0,0,0,0,0,0,0,0,0,0,0,0,0,0,BLKI,MID,AD,2023,SAMPLE,75
P64,0,46579,0,0,0,92,0,0,0,0,0,0,0,0,0,0,0,0,0,0,0,0,0,0,0,0,0,0,0,0,0,0,0,0,0,0,0,BLKI,MID,AD,2023,SAMPLE,75
P66,0,0,0,0,0,10712,0,0,0,0,0,0,0,0,0,0,0,0,0,0,0,0,0,0,0,0,0,0,0,0,0,0,0,0,0,0,0,BLKI,MID,AD,2023,SAMPLE,75
P67,0,88249,0,0,0,0,0,0,0,0,0,0,0,0,0,0,0,0,0,0,0,0,0,0,0,0,0,0,0,0,0,0,0,0,0,0,0,BLKI,MID,AD,2023,SAMPLE,75
P69,0,171,0,0,0,179608,0,0,0,0,0,0,0,0,0,0,0,0,0,0,0,0,0,0,0,0,0,0,0,0,0,0,0,0,0,0,0,BLKI,MID,AD,2023,SAMPLE,75
P70,0,177091,113,0,0,2524,0,0,0,0,0,0,30,0,0,0,0,0,0,0,0,0,0,0,0,0,0,0,0,0,0,0,0,0,0,0,0,BLKI,MID,AD,2023,SAMPLE,75
P71,0,84358,0,0,0,6,0,0,0,0,0,0,6681,0,0,0,0,0,0,0,0,0,0,0,0,0,0,0,0,0,0,0,0,0,0,0,0,BLKI,MID,AD,2023,SAMPLE,75
P74,0,219238,0,0,0,0,0,0,0,0,0,0,0,0,0,0,0,0,0,115520,0,0,0,0,0,0,0,0,0,0,0,0,0,0,0,0,0,BLKI,MID,AD,2023,SAMPLE,75
P77,129,1270,0,12,76,0,0,0,0,0,0,0,0,0,0,0,0,0,0,0,0,0,0,0,0,0,0,0,0,0,0,0,0,0,0,0,0,BLKI,MID,AD,2023,SAMPLE,75
P78,0,82424,0,0,0,2,0,0,0,0,0,0,0,0,0,0,0,0,0,0,0,0,0,0,0,0,0,0,0,0,0,0,0,0,0,0,0,BLKI,MID,AD,2023,SAMPLE,75
P79,0,161866,0,0,0,21,0,0,0,0,0,0,0,0,0,0,0,0,0,0,0,0,0,0,0,0,0,0,0,0,0,0,0,0,0,0,0,BLKI,MID,AD,2023,SAMPLE,75
P80,0,338984,42,0,0,6671,0,0,0,0,0,0,841,0,0,0,0,0,0,0,0,0,0,0,0,0,0,0,0,0,0,0,0,0,0,0,0,BLKI,MID,AD,2023,SAMPLE,75
P81,0,155563,14133,0,0,567,0,0,0,0,0,0,92,0,0,0,0,0,0,12367,0,0,0,0,0,0,0,0,0,0,0,0,0,0,0,0,0,BLKI,MID,AD,2023,SAMPLE,75
P82,0,258691,0,0,0,13232,0,0,0,0,0,0,0,0,0,0,0,0,0,0,0,0,0,0,0,0,0,0,0,0,0,0,0,0,0,0,0,BLKI,MID,AD,2023,SAMPLE,100
P83,0,100804,400,0,0,5639,0,1077,0,0,0,0,0,0,17332,0,0,0,0,0,0,0,0,0,0,0,0,0,0,43,0,0,0,0,0,0,0,BLKI,MID,AD,2023,SAMPLE,100
P84,16879,2640,0,90216,658,2,0,0,1683,0,0,0,0,0,0,0,0,0,0,0,0,0,0,0,0,0,0,0,0,0,0,0,0,0,0,0,0,BLKI,MID,AD,2023,SAMPLE,100
P85,0,48681,0,0,0,22279,0,0,0,0,0,0,0,0,0,0,0,0,0,0,0,0,0,0,0,0,0,0,0,0,0,0,0,0,0,0,0,BLKI,MID,AD,2023,SAMPLE,100
P86,0,18055,0,0,0,60,0,0,0,0,0,0,0,0,0,0,0,0,0,0,0,0,0,0,0,0,0,0,0,0,0,0,0,0,0,0,0,BLKI,MID,AD,2023,SAMPLE,100
P87,0,0,0,0,0,2795,0,0,0,0,0,0,0,0,0,0,0,0,0,0,0,0,0,0,0,0,0,0,0,0,0,0,0,0,0,0,0,BLKI,MID,AD,2023,SAMPLE,100
P88,0,279201,0,0,0,0,0,0,62,0,0,0,0,0,0,0,0,0,0,0,0,0,0,0,0,0,0,0,0,0,0,0,0,0,0,0,0,BLKI,MID,AD,2023,SAMPLE,100
P89,0,80021,0,0,0,0,0,0,0,0,0,0,0,0,0,0,0,0,0,0,0,0,0,0,0,0,0,0,0,0,0,0,0,0,0,0,0,BLKI,MID,AD,2023,SAMPLE,75
P90,0,20191,47,0,0,286332,0,126,0,0,0,0,0,0,2857,0,0,0,0,0,0,0,0,0,0,0,0,0,0,2,0,0,0,0,0,0,0,BLKI,MID,AD,2023,SAMPLE,75
P91,0,72763,0,0,0,0,0,0,0,0,0,0,0,0,0,0,0,0,0,0,0,0,0,0,0,0,0,0,0,0,0,0,0,0,0,0,0,BLKI,MID,AD,2023,SAMPLE,75
P92,0,1206,1213,0,0,13931,0,0,1015,0,0,0,0,0,0,0,0,0,988,0,0,0,0,0,0,0,0,0,0,0,0,0,0,0,0,0,0,BLKI,MID,AD,2023,SAMPLE,75
P93,0,74483,0,0,3653,0,0,0,0,0,0,0,0,0,0,0,0,0,0,0,0,0,0,0,0,0,0,0,0,0,0,0,0,0,0,0,0,BLKI,MID,AD,2023,SAMPLE,76
P94,0,127537,453,0,0,0,0,0,0,0,0,0,0,0,0,0,0,0,0,12283,0,0,0,0,0,0,0,0,0,0,0,0,0,0,0,0,229,BLKI,MID,AD,2023,SAMPLE,76
P99,0,239537,0,0,0,0,0,0,0,0,0,0,0,0,0,0,0,0,0,0,0,1936,0,0,0,0,0,0,0,0,0,0,0,0,0,0,0,BLKI,MID,AD,2023,SAMPLE,76
TUPU-MID-AD-2024-101,0,0,0,0,0,0,15573,0,0,0,0,0,0,0,0,0,0,0,0,0,0,0,0,0,0,0,0,0,0,0,0,0,0,0,0,0,0,TUPU,MID,AD,2024,SAMPLE,99
TUPU-MID-AD-2024-102,0,944,0,0,0,0,217419,0,119,0,0,0,0,0,0,0,0,0,0,0,0,0,0,0,0,0,0,0,0,0,0,0,0,0,0,0,0,TUPU,MID,AD,2024,SAMPLE,99
TUPU-MID-AD-2024-103,0,1785,0,0,0,0,0,0,0,0,0,0,0,0,0,0,0,0,0,0,0,0,0,0,0,0,0,0,0,0,0,0,0,0,0,0,0,TUPU,MID,AD,2024,SAMPLE,99
TUPU-MID-AD-2024-105,0,0,0,0,0,0,7111,0,0,0,0,0,0,0,0,0,0,0,0,0,0,0,0,0,0,0,0,0,0,0,0,0,0,0,0,0,0,TUPU,MID,AD,2024,SAMPLE,99
TUPU-MID-AD-2024-106,0,998,0,0,0,0,18488,0,0,0,0,0,0,0,0,0,0,0,0,0,0,0,0,0,0,0,0,0,0,0,0,0,0,0,0,334,0,TUPU,MID,AD,2024,SAMPLE,99
TUPU-MID-AD-2024-107,0,3916,0,0,0,5,28873,0,1395,0,0,0,0,0,0,0,0,0,0,0,0,0,0,0,0,0,0,0,0,0,0,0,0,0,0,0,0,TUPU,MID,AD,2024,SAMPLE,99
TUPU-MID-AD-2024-108,0,1074,0,0,0,0,2963,0,0,0,0,0,0,0,0,0,0,0,60,0,0,0,0,0,0,154,0,0,0,0,0,0,0,0,0,0,0,TUPU,MID,AD,2024,SAMPLE,99
TUPU-MID-AD-2024-109,0,24,0,0,0,0,75365,0,0,0,0,0,0,0,0,0,0,0,0,0,0,0,0,0,0,0,0,0,0,0,0,0,0,0,0,0,0,TUPU,MID,AD,2024,SAMPLE,99
TUPU-MID-AD-2024-110,0,0,0,0,0,0,3676,0,0,0,0,0,0,0,0,0,0,0,0,0,0,0,0,0,0,0,0,0,0,0,0,0,0,0,0,0,0,TUPU,MID,AD,2024,SAMPLE,99
TUPU-MID-AD-2024-112,0,267,0,0,0,0,426,0,210,0,0,0,0,0,0,0,0,0,0,0,0,0,0,0,0,0,0,0,0,0,0,0,0,0,0,0,0,TUPU,MID,AD,2024,SAMPLE,99
TUPU-MID-AD-2024-113,0,0,0,0,0,0,2466,0,0,0,0,0,0,0,0,0,0,0,0,0,0,0,0,0,0,0,0,0,0,0,0,0,0,0,0,0,0,TUPU,MID,AD,2024,SAMPLE,99
TUPU-MID-AD-2024-114,0,0,0,0,0,0,23714,0,0,0,0,0,0,0,0,0,0,0,0,0,0,0,0,0,0,0,0,0,0,0,0,0,0,0,0,0,0,TUPU,MID,AD,2024,SAMPLE,99
TUPU-MID-AD-2024-117,0,126,0,0,0,0,1092,0,0,0,0,0,0,0,0,0,0,0,0,0,0,0,0,0,0,0,0,0,0,0,0,0,0,0,0,0,0,TUPU,MID,AD,2024,SAMPLE,99
TUPU-MID-AD-2024-119,0,0,0,0,0,0,902,0,0,0,0,0,0,0,0,0,0,0,0,0,0,0,0,0,0,0,0,0,0,0,0,0,0,0,0,0,0,TUPU,MID,AD,2024,SAMPLE,99
TUPU-MID-AD-2024-122,0,0,0,0,0,0,610,0,0,0,0,0,0,0,0,0,0,0,0,0,0,0,0,0,0,0,0,0,0,0,0,0,0,0,0,0,0,TUPU,MID,AD,2024,SAMPLE,99
TUPU-MID-AD-2024-123,0,207,0,0,0,0,4660,0,0,0,0,0,0,0,0,0,0,0,0,0,0,0,0,0,0,0,0,0,0,0,0,0,0,0,0,0,0,TUPU,MID,AD,2024,SAMPLE,99
TUPU-MID-AD-2024-124,0,56,1148,0,0,0,29,0,20,0,0,0,0,0,0,0,0,0,0,0,0,0,0,0,0,0,0,0,0,0,0,0,0,0,0,0,0,TUPU,MID,AD,2024,SAMPLE,99
TUPU-MID-AD-2024-125,0,27531,60,0,0,0,1057,0,49,0,0,0,0,0,0,0,97,0,0,32,0,0,0,0,0,0,0,0,0,0,0,0,0,0,0,0,0,TUPU,MID,AD,2024,SAMPLE,99
TUPU-MID-AD-2024-126,0,56,0,0,0,0,21353,0,0,0,0,0,0,0,0,0,0,0,0,0,0,0,0,0,0,0,0,0,10,0,0,0,0,0,0,0,0,TUPU,MID,AD,2024,SAMPLE,99
TUPU-MID-AD-2024-127,0,84,0,0,0,0,1582,0,0,0,0,0,0,0,0,0,0,0,0,0,0,0,0,0,0,0,0,0,0,0,0,0,0,0,0,0,0,TUPU,MID,AD,2024,SAMPLE,99
TUPU-MID-AD-2024-129,0,161524,0,0,0,0,0,0,0,0,0,0,0,0,0,0,0,0,0,0,0,0,0,0,0,0,0,0,0,0,0,0,0,0,0,0,0,TUPU,MID,AD,2024,SAMPLE,99
TUPU-MID-AD-2024-130,0,4286,0,0,0,0,132,0,0,0,0,0,0,0,0,0,0,0,0,0,0,0,0,0,0,0,0,0,0,0,0,0,0,0,0,0,0,TUPU,MID,AD,2024,SAMPLE,99
TUPU-MID-AD-2024-132,0,28,0,0,0,0,251,0,0,0,0,0,0,0,0,0,0,0,0,0,0,0,0,0,0,0,0,0,0,0,0,99,0,0,0,0,0,TUPU,MID,AD,2024,SAMPLE,99
TUPU-MID-AD-2024-133,0,2113,0,0,0,0,49291,0,0,0,0,0,0,0,0,0,0,0,0,0,0,0,0,0,0,0,0,0,0,0,0,0,0,0,0,0,0,TUPU,MID,AD,2024,SAMPLE,99
TUPU-MID-AD-2024-134,0,0,0,0,0,0,43064,0,209,0,0,0,0,0,0,0,0,0,0,0,0,0,0,0,0,0,0,0,0,0,0,1223,0,0,0,0,0,TUPU,MID,AD,2024,SAMPLE,99
TUPU-MID-AD-2024-135,0,0,0,0,0,0,2489,0,86,0,0,0,0,0,0,0,0,0,0,0,0,0,0,0,0,0,0,0,0,0,0,0,0,0,0,0,0,TUPU,MID,AD,2024,SAMPLE,99
TUPU-MID-AD-2024-136,0,0,0,0,0,0,1426,0,0,0,0,0,0,0,0,0,0,0,0,0,0,0,0,0,0,0,0,0,0,0,0,0,0,0,0,0,0,TUPU,MID,AD,2024,SAMPLE,99
TUPU-MID-AD-2024-137,0,0,0,0,0,0,6341,0,0,0,0,0,0,0,0,0,0,0,0,0,0,0,0,0,0,0,0,0,0,0,0,0,0,0,0,0,0,TUPU,MID,AD,2024,SAMPLE,99
TUPU-MID-AD-2024-139,0,161949,0,0,0,0,132,0,0,72,0,0,0,0,0,0,0,0,0,0,0,25,0,0,0,0,0,0,0,113,0,17,0,0,63,0,0,TUPU,MID,AD,2024,SAMPLE,99
TUPU-MID-AD-2024-141,0,0,0,0,0,0,821,0,0,0,0,0,0,0,0,0,0,0,0,0,0,0,0,0,0,0,0,0,0,0,0,0,0,0,0,0,0,TUPU,MID,AD,2024,SAMPLE,99
TUPU-MID-AD-2024-142,0,0,0,0,0,0,10964,0,1389,0,0,0,0,0,0,0,0,0,0,0,0,0,0,0,0,0,0,0,0,0,0,0,0,0,0,0,0,TUPU,MID,AD,2024,SAMPLE,99
TUPU-MID-AD-2024-143,0,298,110,0,0,0,687,0,6850,0,0,0,0,0,0,0,0,0,0,0,0,0,0,0,0,0,0,0,102,0,0,0,0,0,0,0,0,TUPU,MID,AD,2024,SAMPLE,99
TUPU-MID-AD-2024-144,0,0,0,132,0,0,732,0,55,0,0,0,0,0,0,0,0,0,0,0,0,0,0,0,0,0,0,0,0,0,0,0,0,0,0,0,0,TUPU,MID,AD,2024,SAMPLE,99
TUPU-MID-AD-2024-146,0,571,0,0,0,0,641,0,0,0,0,0,0,0,0,0,0,0,0,0,0,0,0,0,0,0,0,0,0,0,0,0,0,0,0,0,0,TUPU,MID,AD,2024,SAMPLE,99
TUPU-MID-AD-2024-147,0,0,3335,0,0,0,0,0,0,0,0,0,0,0,0,0,0,0,0,0,0,0,0,0,0,0,0,0,0,0,0,0,0,0,0,0,0,TUPU,MID,AD,2024,SAMPLE,99
TUPU-MID-AD-2024-148,0,0,0,0,0,0,14407,0,1432,0,0,0,0,0,0,0,0,0,0,0,0,0,0,0,0,0,0,0,0,0,0,0,0,0,0,0,0,TUPU,MID,AD,2024,SAMPLE,99
TUPU-MID-AD-2024-150,0,2683,53,0,0,0,17046,0,549,0,34,0,0,0,0,0,31,0,0,0,0,0,0,0,0,0,0,0,0,0,0,0,0,0,0,0,0,TUPU,MID,AD,2024,SAMPLE,99
TUPU-MID-AD-2024-151,0,114,0,0,0,0,66242,0,0,0,0,0,0,0,0,0,0,0,0,0,0,0,0,0,0,0,0,0,0,0,0,0,0,0,0,0,0,TUPU,MID,AD,2024,SAMPLE,99
TUPU-MID-AD-2024-152,0,0,0,0,0,0,99618,0,8307,0,0,0,0,0,0,0,0,0,0,0,0,0,0,0,0,0,0,0,0,0,0,0,0,0,0,0,0,TUPU,MID,AD,2024,SAMPLE,99
TUPU-MID-AD-2024-153,0,0,0,0,0,0,11550,0,4739,0,0,0,0,0,0,0,0,0,0,0,0,0,0,0,0,0,0,0,0,0,0,0,0,0,0,0,0,TUPU,MID,AD,2024,SAMPLE,99
TUPU-MID-AD-2024-154,0,2455,8579,0,0,0,5942,0,29452,0,0,0,0,0,0,0,0,0,0,0,0,0,0,0,0,0,0,0,0,0,0,0,0,0,0,0,0,TUPU,MID,AD,2024,SAMPLE,99
TUPU-MID-AD-2024-156,0,337,5,0,0,0,37263,0,57,0,0,0,0,0,0,0,0,0,0,0,0,0,0,0,0,0,0,0,0,0,0,0,0,0,0,0,0,TUPU,MID,AD,2024,SAMPLE,99
TUPU-MID-AD-2024-157,3,318,91140,0,0,0,179364,0,53792,0,0,0,0,0,0,0,0,0,0,0,0,0,0,0,0,0,0,0,0,0,0,0,0,0,0,0,0,TUPU,MID,AD,2024,SAMPLE,99
TUPU-MID-AD-2024-158,0,836,7297,0,0,0,10435,0,74864,0,0,0,0,0,0,0,0,0,0,0,0,0,0,0,0,1821,0,0,0,0,0,0,0,0,0,0,0,TUPU,MID,AD,2024,SAMPLE,100
TUPU-MID-AD-2024-159,0,0,524,0,0,0,547,0,1932,0,0,0,0,0,0,0,0,0,0,0,0,0,0,0,0,0,0,0,0,0,0,0,0,0,0,0,0,TUPU,MID,AD,2024,SAMPLE,100
TUPU-MID-AD-2024-160,0,0,0,0,0,0,3549,0,7899,0,0,0,0,0,0,0,0,0,0,0,0,0,0,0,0,0,0,0,0,0,0,0,0,0,0,0,0,TUPU,MID,AD,2024,SAMPLE,100
TUPU-MID-AD-2024-161,0,0,1606,0,899,0,13347,0,22931,0,0,0,0,0,0,0,0,0,0,0,0,0,0,0,0,0,0,0,0,0,0,0,0,0,0,0,0,TUPU,MID,AD,2024,SAMPLE,100
TUPU-MID-AD-2024-163,0,1522,0,0,0,0,0,0,0,0,0,0,0,0,0,0,0,0,0,0,0,0,0,0,0,0,0,0,0,0,0,0,0,0,0,0,0,TUPU,MID,AD,2024,SAMPLE,100
TUPU-MID-AD-2024-166,0,37013,79548,0,0,36,0,0,17798,0,0,0,39,0,0,0,0,0,0,0,0,0,0,0,0,0,0,0,0,0,0,0,0,0,0,0,0,TUPU,MID,AD,2024,SAMPLE,100
TUPU-MID-AD-2024-167,0,0,54697,0,0,25247,0,0,64782,0,0,0,0,0,0,0,0,0,0,0,0,0,0,0,0,0,0,0,0,0,0,0,0,0,0,0,0,TUPU,MID,AD,2024,SAMPLE,100
TUPU-MID-AD-2024-168,0,0,6748,0,0,0,72105,0,7541,0,0,0,0,0,0,0,0,0,0,0,0,0,0,0,0,0,0,0,0,0,0,0,0,0,0,0,0,TUPU,MID,AD,2024,SAMPLE,100
TUPU-MID-AD-2024-169,0,12980,68893,0,0,0,12095,0,91720,0,0,0,59,0,0,0,0,0,0,0,0,0,0,151,0,0,0,0,0,0,0,0,0,0,0,0,0,TUPU,MID,AD,2024,SAMPLE,100
TUPU-MID-AD-2024-171,0,65,106,0,0,0,7448,0,2093,0,0,0,0,0,43,0,0,0,0,0,0,0,0,0,0,0,0,0,0,0,0,0,0,0,0,0,0,TUPU,MID,AD,2024,SAMPLE,109
TUPU-MID-AD-2024-172,140,86,1519,0,0,0,0,0,9724,0,0,0,0,0,0,0,0,0,0,0,0,0,0,0,0,0,0,0,0,0,0,0,0,0,0,0,0,TUPU,MID,AD,2024,SAMPLE,109
TUPU-MID-AD-2024-176,0,0,7305,0,0,0,0,7,3519,0,0,0,0,0,0,0,0,0,0,0,0,0,0,0,0,0,0,0,0,0,0,0,0,0,0,0,0,TUPU,MID,AD,2024,SAMPLE,109
TUPU-MID-AD-2024-178,0,673,5651,0,0,0,2055,0,8175,0,0,0,0,0,0,0,0,0,0,0,0,0,0,0,0,0,0,0,0,0,0,0,0,0,0,0,0,TUPU,MID,AD,2024,SAMPLE,109
TUPU-MID-AD-2024-179,0,9947,4053,0,0,17,549,0,1512,0,0,0,0,0,0,0,22,0,0,0,0,0,0,0,0,32,28,0,0,0,0,0,0,0,0,0,0,TUPU,MID,AD,2024,SAMPLE,109
TUPU-MID-AD-2024-180,0,478,2742,33,0,8,6416,0,3487,0,0,0,0,0,0,0,0,0,0,0,0,0,0,16,0,0,114,0,0,0,4,0,0,0,0,0,0,TUPU,MID,AD,2024,SAMPLE,109
TUPU-MID-AD-2024-181,0,1220,1010,0,0,6,9857,0,555,0,0,0,0,0,0,0,0,0,0,0,0,0,0,54,0,0,0,0,0,0,0,0,0,0,0,0,0,TUPU,MID,AD,2024,SAMPLE,109
TUPU-MID-AD-2024-182,0,1859,11370,0,0,0,161,0,2831,0,0,0,0,0,0,0,0,0,0,0,0,0,0,24,0,0,14,0,0,0,0,0,0,0,0,0,0,TUPU,MID,AD,2024,SAMPLE,109
TUPU-MID-AD-2024-183,0,16368,0,0,0,0,0,0,0,0,0,0,0,0,0,0,0,0,0,0,0,0,0,0,0,0,0,0,0,0,0,0,0,0,0,0,0,TUPU,MID,AD,2024,SAMPLE,109
TUPU-MID-AD-2024-184,0,0,1474,0,0,14,0,0,13359,0,0,0,0,0,0,0,0,0,0,0,0,0,0,0,0,0,0,0,0,0,0,0,0,0,0,0,0,TUPU,MID,AD,2024,SAMPLE,109
TUPU-MID-AD-2024-185,0,69336,6583,0,0,0,19719,0,9489,0,0,0,0,0,0,0,0,0,0,0,0,0,0,0,0,0,0,0,0,0,0,0,0,0,0,0,0,TUPU,MID,AD,2024,SAMPLE,100
TUPU-MID-AD-2024-186,0,205,3905,0,0,254,0,0,20218,0,0,0,0,0,0,0,0,0,0,0,0,0,0,0,0,0,0,0,0,0,0,0,0,0,0,0,0,TUPU,MID,AD,2024,SAMPLE,100
TUPU-MID-AD-2024-187,0,50125,23940,0,0,3,111341,0,56761,0,0,0,0,0,0,0,0,0,0,0,0,0,0,0,0,0,0,0,0,0,0,0,0,0,0,0,0,TUPU,MID,AD,2024,SAMPLE,100
TUPU-MID-AD-2024-189,0,573,134987,0,0,16,0,0,8860,0,0,0,0,0,0,0,0,0,0,0,0,0,0,0,0,0,0,0,0,0,0,0,0,0,0,0,0,TUPU,MID,AD,2024,SAMPLE,100
TUPU-MID-AD-2024-190,0,0,0,0,0,0,0,0,662,0,0,0,0,0,0,0,0,0,0,0,0,0,0,0,0,0,0,0,0,0,0,0,0,0,0,0,0,TUPU,MID,AD,2024,SAMPLE,100
TUPU-MID-AD-2024-191,0,12238,179561,0,0,0,68624,0,33037,0,0,0,0,0,0,0,138,0,0,0,0,0,0,0,0,0,0,0,0,0,0,0,0,0,0,0,0,TUPU,MID,AD,2024,SAMPLE,100
TUPU-MID-AD-2024-192,0,0,13559,0,0,0,68672,0,1777,0,0,0,0,0,0,0,0,0,0,0,0,0,0,0,0,0,0,0,0,0,0,0,0,0,0,0,0,TUPU,MID,AD,2024,SAMPLE,100
TUPU-MID-AD-2024-193,0,72408,129149,0,19954,6,850,0,11826,0,0,0,0,0,0,0,0,0,0,0,0,0,0,0,0,0,0,0,0,0,0,0,0,0,0,0,0,TUPU,MID,AD,2024,SAMPLE,100
TUPU-MID-AD-2024-194,0,10758,0,0,6,0,0,268075,0,0,0,0,0,0,0,0,0,0,0,0,0,0,0,0,0,0,0,0,0,0,0,0,0,0,0,0,0,TUPU,MID,AD,2024,SAMPLE,100
TUPU-MID-AD-2024-195,0,1853,127,0,0,0,11,0,279,135310,0,0,0,0,16,0,0,0,0,0,0,0,0,0,0,0,0,0,0,0,0,0,0,0,0,0,0,TUPU,MID,AD,2024,SAMPLE,100
TUPU-MID-AD-2024-196,0,14915,3290,0,0,0,3360,0,5156,0,0,0,0,0,0,0,0,0,0,0,0,0,0,0,0,0,0,0,0,0,0,0,0,0,0,0,0,TUPU,MID,AD,2024,SAMPLE,100
TUPU-MID-AD-2024-197,0,0,0,0,0,130296,0,0,0,0,0,0,0,0,0,0,487,0,0,0,0,0,0,0,0,0,0,0,0,0,0,0,0,0,0,0,0,TUPU,MID,AD,2024,SAMPLE,100
TUPU-MID-AD-2024-198,0,92863,0,0,0,127215,0,0,0,0,0,0,0,0,0,0,107,0,0,0,0,0,0,0,0,0,277,0,0,0,0,0,0,0,0,0,0,TUPU,MID,AD,2024,SAMPLE,100
TUPU-MID-AD-2024-199,0,511,169935,0,0,0,79077,0,0,0,0,0,0,0,0,0,39,0,0,0,0,0,0,0,0,0,0,0,0,0,0,0,0,0,0,0,0,TUPU,MID,AD,2024,SAMPLE,100
TUPU-MID-AD-2024-200,0,136212,10293,0,0,0,2802,0,0,0,0,0,0,0,0,0,0,0,0,0,0,0,0,0,0,0,0,0,0,0,0,0,0,0,0,0,0,TUPU,MID,AD,2024,SAMPLE,100
TUPU-MID-AD-2024-201,0,487,90403,261,0,15,45915,0,62863,0,0,0,0,0,0,0,55,0,0,0,0,0,0,0,0,654,0,0,0,0,91,0,0,0,0,0,0,TUPU,MID,AD,2024,SAMPLE,100
TUPU-MID-AD-2024-202,0,0,74124,0,0,844,0,0,218194,0,0,0,0,0,0,0,0,0,0,0,0,0,0,0,0,0,0,0,0,0,0,0,0,0,0,0,0,TUPU,MID,AD,2024,SAMPLE,100
TUPU-MID-AD-2024-203,0,0,4433,0,0,0,45500,0,6077,0,0,0,0,0,0,0,0,0,0,0,0,0,0,0,0,0,0,0,0,0,0,0,0,0,0,0,0,TUPU,MID,AD,2024,SAMPLE,100
TUPU-MID-AD-2024-204,0,0,0,0,0,0,1853,0,12637,0,0,0,0,0,0,0,0,0,0,0,0,0,0,0,0,0,0,0,0,0,0,0,0,0,0,0,0,TUPU,MID,AD,2024,SAMPLE,100
TUPU-MID-AD-2024-210,0,0,40329,0,0,0,8287,0,17576,0,0,0,0,0,0,0,0,0,0,0,0,0,0,0,0,0,0,0,0,0,0,0,0,0,0,0,0,TUPU,MID,AD,2024,SAMPLE,100
TUPU-MID-AD-2024-212,0,42830,43042,0,0,0,111,0,78272,0,0,0,0,0,0,0,0,0,0,0,0,0,0,0,0,0,0,0,0,0,0,0,0,0,0,0,0,TUPU,MID,AD,2024,SAMPLE,101
TUPU-MID-AD-2024-215,0,966,447,0,0,5,0,0,639,0,0,0,0,0,0,0,0,0,0,0,9,0,0,0,0,0,0,0,0,0,0,0,0,0,0,0,0,TUPU,MID,AD,2024,SAMPLE,101
TUPU-MID-AD-2024-217,0,163766,0,0,0,0,0,0,0,0,0,0,0,0,0,0,0,0,0,0,0,0,0,0,0,0,0,0,0,0,0,0,0,0,0,0,0,TUPU,MID,AD,2024,SAMPLE,101
TUPU-MID-AD-2024-218,0,31715,3653,0,0,106,0,0,2130,0,0,0,0,0,0,0,0,0,0,0,0,0,0,0,0,0,448,0,0,0,0,0,0,0,0,0,0,TUPU,MID,AD,2024,SAMPLE,101
TUPU-MID-AD-2024-219,0,17787,62601,0,0,119,18738,0,29909,0,41,0,0,0,0,0,5,0,0,0,0,0,7,154,0,0,222,0,0,0,0,0,0,0,0,0,0,TUPU,MID,AD,2024,SAMPLE,101
TUPU-MID-AD-2024-220,0,121794,32,123,0,0,3098,0,48226,0,0,0,0,0,163,0,0,0,0,0,0,0,0,0,0,0,0,0,0,0,0,0,0,0,0,0,0,TUPU,MID,AD,2024,SAMPLE,101
TUPU-MID-AD-2024-221,0,0,131076,0,0,0,1420,0,3042,0,0,0,0,0,0,0,0,0,0,0,0,0,0,0,0,0,0,0,0,0,0,0,0,0,0,0,0,TUPU,MID,AD,2024,SAMPLE,101
TUPU-MID-AD-2024-222,0,29,648,0,0,0,1616,0,256,0,0,0,0,0,0,0,0,0,0,0,0,0,0,0,0,0,0,0,0,0,0,0,0,0,0,0,0,TUPU,MID,AD,2024,SAMPLE,101
TUPU-MID-AD-2024-223,0,50237,36747,7,0,40,6,0,6983,0,0,0,0,0,0,0,136,0,0,0,0,0,0,14,0,0,53,0,0,0,0,0,0,0,0,0,0,TUPU,MID,AD,2024,SAMPLE,101
TUPU-MID-AD-2024-224,0,4096,3169,0,0,0,0,0,3719,0,0,0,0,0,0,0,0,0,0,0,0,0,0,0,0,0,0,0,0,0,0,0,0,0,0,0,0,TUPU,MID,AD,2024,SAMPLE,101
TUPU-MID-AD-2024-225,0,238,31939,0,0,0,732,0,3462,0,0,0,0,0,0,0,22,0,0,0,0,0,0,0,56,0,0,0,0,0,0,8,0,0,0,0,0,TUPU,MID,AD,2024,SAMPLE,101
TUPU-MID-AD-2024-226,0,89374,0,11,0,55,18,0,59,0,0,0,0,0,0,0,0,0,0,0,0,0,0,0,0,0,0,0,0,0,0,0,0,0,0,0,0,TUPU,MID,AD,2024,SAMPLE,101
TUPU-MID-AD-2024-227,0,18362,0,0,0,0,0,0,195,0,0,0,0,0,0,0,0,0,0,0,0,0,0,0,0,0,0,0,0,0,0,0,0,0,0,0,0,TUPU,MID,AD,2024,SAMPLE,101
TUPU-MID-AD-2024-228,0,3737,128654,0,0,5670,691,0,1000,0,0,0,0,0,7,0,0,0,0,0,0,0,0,0,0,0,0,0,0,0,0,0,0,0,0,0,0,TUPU,MID,AD,2024,SAMPLE,101
TUPU-MID-AD-2024-229,0,0,0,0,0,0,17,0,1125,0,0,0,0,0,0,0,0,0,0,0,0,0,0,0,0,0,0,0,0,0,0,0,0,0,0,0,0,TUPU,MID,AD,2024,SAMPLE,101
TUPU-MID-AD-2024-230,0,122690,3520,0,0,0,0,0,0,0,0,0,0,0,0,0,0,0,0,0,9678,0,0,0,0,0,0,0,0,0,0,0,0,0,0,0,0,TUPU,MID,AD,2024,SAMPLE,101
TUPU-MID-AD-2024-231,0,0,113081,0,0,0,0,0,0,0,0,0,0,0,0,0,0,0,0,0,0,0,0,0,0,0,0,0,0,0,0,0,0,0,0,0,0,TUPU,MID,AD,2024,SAMPLE,101
TUPU-MID-AD-2024-232,0,71808,0,0,0,0,0,0,0,0,0,0,0,0,0,0,0,0,0,0,0,0,0,0,0,0,0,0,0,0,0,0,0,0,0,0,0,TUPU,MID,AD,2024,SAMPLE,101
TUPU-MID-AD-2024-233,0,85530,0,0,0,0,0,0,0,0,0,0,0,0,0,0,0,0,0,0,0,0,0,0,0,0,0,0,0,0,0,0,0,0,0,0,0,TUPU,MID,AD,2024,SAMPLE,101
TUPU-MID-AD-2024-234,0,0,12193,0,0,0,158,0,0,0,0,0,0,0,0,0,0,0,0,0,0,0,0,0,0,0,0,0,0,0,0,0,0,0,0,0,0,TUPU,MID,AD,2024,SAMPLE,101
TUPU-MID-AD-2024-235,0,3163,121,764,0,0,52278,0,21,0,0,0,0,0,0,0,61,0,0,0,0,0,0,0,0,0,0,0,0,0,0,0,0,0,0,0,0,TUPU,MID,AD,2024,SAMPLE,101
TUPU-MID-AD-2024-237,0,313,123125,0,0,0,0,0,27072,0,0,0,0,0,0,0,0,0,0,0,0,0,0,0,0,0,0,0,0,0,0,0,0,0,0,0,0,TUPU,MID,AD,2024,SAMPLE,101
TUPU-MID-AD-2024-238,0,1806,169,148,0,2,92044,0,0,0,0,0,0,0,0,0,0,0,0,0,0,0,0,0,0,0,0,0,0,0,0,0,0,0,0,0,0,TUPU,MID,AD,2024,SAMPLE,101
TUPU-MID-AD-2024-239,0,35956,19538,0,0,9,6,0,6,0,0,0,0,0,0,0,0,0,0,0,0,0,0,0,0,0,0,0,0,0,0,0,0,0,0,0,0,TUPU,MID,AD,2024,SAMPLE,101
TUPU-MID-AD-2024-240,0,89120,0,0,0,0,65,0,58,0,0,0,0,0,0,0,0,0,0,0,0,0,0,0,0,0,0,0,0,0,0,0,0,0,0,0,0,TUPU,MID,AD,2024,SAMPLE,101
TUPU-MID-AD-2024-242,0,9647,127861,0,0,0,33808,0,11116,0,0,0,0,0,0,0,0,0,0,0,0,0,0,0,0,0,0,0,0,0,0,0,0,0,0,0,0,TUPU,MID,AD,2024,SAMPLE,101
TUPU-MID-AD-2024-245,0,0,13137,0,0,0,0,0,0,0,0,0,0,0,0,0,0,0,0,0,0,0,0,0,0,0,0,0,0,0,0,0,0,0,0,0,0,TUPU,MID,AD,2024,SAMPLE,101
TUPU-MID-AD-2024-246,0,453,0,0,0,0,0,0,0,0,0,0,0,0,0,0,0,0,0,0,0,0,0,0,0,0,0,0,0,0,0,0,0,0,0,0,0,TUPU,MID,AD,2024,SAMPLE,101
TUPU-MID-AD-2024-247,0,115152,136,0,0,0,2,0,0,0,0,0,0,0,0,0,12717,0,0,0,0,0,0,0,0,0,0,0,0,0,0,0,0,0,0,0,0,TUPU,MID,AD,2024,SAMPLE,101
TUPU-MID-AD-2024-248,0,0,41458,0,0,0,1659,0,0,0,0,0,0,0,0,0,0,0,0,0,0,0,0,0,0,0,0,0,0,0,0,0,0,969,0,0,0,TUPU,MID,AD,2024,SAMPLE,101
TUPU-MID-AD-2024-250,0,20253,81038,0,0,0,0,0,0,0,0,0,0,0,0,0,0,0,0,0,0,0,0,0,0,0,0,0,0,0,0,0,0,0,0,0,0,TUPU,MID,AD,2024,SAMPLE,101
TUPU-MID-AD-2024-251,0,710,179848,0,0,1796,461,0,13683,0,0,0,0,0,0,0,0,0,0,0,0,0,0,0,0,0,0,0,0,0,0,0,0,0,0,0,0,TUPU,MID,AD,2024,SAMPLE,101
TUPU-MID-AD-2024-252,0,0,94362,0,0,0,0,0,0,0,0,0,0,0,0,0,0,0,0,0,0,0,0,0,0,0,0,0,0,0,0,0,0,0,0,0,0,TUPU,MID,AD,2024,SAMPLE,101
TUPU-MID-AD-2024-254,0,28947,5689,0,0,0,0,0,0,0,0,0,0,0,0,0,0,0,0,0,0,0,0,0,0,0,0,0,0,0,0,0,0,0,0,0,0,TUPU,MID,AD,2024,SAMPLE,101
TUPU-MID-AD-2024-255,0,0,116363,0,0,0,6095,0,0,0,0,0,0,0,0,0,0,0,0,0,0,0,0,0,0,0,0,0,0,0,0,0,0,0,0,0,0,TUPU,MID,AD,2024,SAMPLE,101
TUPU-MID-AD-2024-256,0,72138,3420,0,0,0,0,0,0,9554,0,0,0,0,0,0,0,0,0,0,0,0,0,0,0,0,0,0,0,0,0,0,0,0,0,0,0,TUPU,MID,AD,2024,SAMPLE,101
TUPU-MID-AD-2024-257,0,0,58604,0,0,0,486,0,3554,0,0,0,0,0,0,0,0,0,0,0,0,0,0,0,0,0,0,0,0,0,0,0,0,0,0,0,0,TUPU,MID,AD,2024,SAMPLE,101
TUPU-MID-AD-2024-258,0,44221,21711,0,0,0,12902,0,0,0,0,0,0,0,0,0,0,0,0,0,0,0,0,0,0,0,0,0,0,0,0,0,0,0,0,0,0,TUPU,MID,AD,2024,SAMPLE,101
TUPU-MID-AD-2024-259,0,123243,660,0,8,0,150,0,25,0,0,0,0,0,0,0,0,0,0,0,0,0,0,0,0,0,0,0,0,0,0,0,0,0,0,0,0,TUPU,MID,AD,2024,SAMPLE,101
TUPU-MID-AD-2024-261,0,3,79672,0,0,0,0,0,48,0,0,0,0,0,0,0,0,0,0,0,0,0,0,0,0,0,0,0,0,0,0,0,0,0,0,0,0,TUPU,MID,AD,2024,SAMPLE,101
TUPU-MID-AD-2024-262,0,0,17979,0,0,0,0,0,0,103690,0,0,0,0,19,0,0,0,0,0,0,0,0,0,0,0,0,0,0,0,0,0,0,0,0,0,0,TUPU,MID,AD,2024,SAMPLE,101
TUPU-MID-AD-2024-263,0,1789,132567,0,0,3,0,0,271,0,0,0,0,0,0,0,0,0,0,0,0,0,0,0,0,0,0,0,0,0,0,0,0,0,0,0,0,TUPU,MID,AD,2024,SAMPLE,101
TUPU-MID-AD-2024-264,0,120262,93593,0,0,0,0,0,0,0,0,0,0,0,0,0,0,0,0,0,0,0,3936,0,0,0,0,0,0,0,0,0,0,0,0,0,0,TUPU,MID,AD,2024,SAMPLE,101
TUPU-MID-AD-2024-266,0,0,236850,0,0,86,380,0,63,0,0,0,0,0,0,0,0,0,0,0,0,0,0,0,0,0,0,0,0,0,0,0,0,0,0,0,0,TUPU,MID,AD,2024,SAMPLE,101
TUPU-MID-AD-2024-267,0,60131,2823,0,0,0,0,0,8749,0,0,0,0,0,0,0,0,0,0,0,0,0,0,0,0,0,0,0,0,0,0,0,0,0,0,0,0,TUPU,MID,AD,2024,SAMPLE,101
TUPU-MID-AD-2024-268,0,4646,2544,0,0,0,0,0,28,0,0,0,0,0,0,0,0,0,0,0,0,0,0,0,0,0,0,0,0,0,0,0,0,0,0,0,0,TUPU,MID,AD,2024,SAMPLE,101
TUPU-MID-AD-2024-269,0,21,138614,0,0,0,0,0,0,0,0,0,0,0,0,0,0,0,0,0,0,0,0,0,0,0,0,0,0,0,0,0,0,0,0,0,0,TUPU,MID,AD,2024,SAMPLE,101
TUPU-MID-AD-2024-270,0,5,176568,0,0,8,0,0,14962,0,0,0,30,0,0,0,0,0,0,0,0,0,0,0,0,0,0,0,0,0,0,0,0,0,0,0,0,TUPU,MID,AD,2024,SAMPLE,101
TUPU-MID-AD-2024-271,0,148961,1510,0,0,0,0,0,0,0,0,0,0,0,0,0,0,0,0,0,0,0,0,0,0,0,0,0,0,0,0,0,0,0,0,0,0,TUPU,MID,AD,2024,SAMPLE,102
TUPU-MID-AD-2024-272,0,422,122253,0,0,0,31733,0,32075,0,0,0,0,0,0,0,0,0,0,0,0,0,0,0,0,0,0,0,0,0,0,0,0,0,0,0,0,TUPU,MID,AD,2024,SAMPLE,102
TUPU-MID-AD-2024-273,0,154848,188031,0,0,0,0,0,0,75,0,0,0,0,0,0,0,0,0,0,0,0,2,0,0,0,0,0,0,0,0,0,0,0,0,0,0,TUPU,MID,AD,2024,SAMPLE,102
TUPU-MID-AD-2024-275,0,13472,65554,0,5115,0,0,0,18,0,0,0,0,0,0,0,0,0,0,0,0,0,0,0,0,0,0,0,0,0,0,0,0,0,0,0,0,TUPU,MID,AD,2024,SAMPLE,102
TUPU-MID-AD-2024-281,0,0,341498,0,0,0,0,0,19761,0,0,0,0,0,0,0,0,0,0,0,0,0,0,0,0,0,0,0,0,0,0,0,0,0,0,0,0,TUPU,MID,AD,2024,SAMPLE,102
TUPU-MID-AD-2024-282,0,3518,0,0,0,0,0,0,0,0,0,0,0,0,0,0,0,0,0,0,0,0,0,0,0,0,0,0,0,0,0,0,0,0,0,0,0,TUPU,MID,AD,2024,SAMPLE,102
TUPU-MID-AD-2024-284,0,167601,3549,0,0,0,0,0,239,0,0,0,0,0,0,0,0,0,0,0,0,0,0,0,0,0,0,0,0,0,0,0,0,0,0,0,0,TUPU,MID,AD,2024,SAMPLE,102
TUPU-MID-AD-2024-285,0,0,11822,0,0,0,2226,0,1397,0,0,0,0,0,0,0,0,0,0,0,0,0,0,0,0,0,0,0,0,0,0,0,0,0,0,0,0,TUPU,MID,AD,2024,SAMPLE,102
TUPU-MID-AD-2024-286,0,157686,21782,0,0,0,0,0,395351,0,0,0,0,0,0,0,0,0,0,0,0,0,0,0,0,0,0,0,0,0,0,0,0,0,0,0,0,TUPU,MID,AD,2024,SAMPLE,102
TUPU-MID-AD-2024-287,0,36102,298283,0,23324,26642,0,0,49799,0,0,0,0,0,0,0,0,0,0,0,0,0,0,0,0,0,0,0,0,0,0,0,0,0,0,0,0,TUPU,MID,AD,2024,SAMPLE,102
TUPU-MID-AD-2024-289,0,0,148683,0,0,0,0,0,0,0,0,0,0,0,0,0,0,0,0,0,0,0,0,0,0,0,0,0,0,0,0,0,0,0,0,0,0,TUPU,MID,AD,2024,SAMPLE,102
TUPU-MID-CH-2024-165,0,13834,47135,0,0,0,0,0,73668,0,0,0,0,0,0,0,0,0,0,0,0,0,0,0,0,0,0,0,0,0,0,0,0,0,0,0,0,TUPU,MID,CH,2024,SAMPLE,100
TUPU-MID-CH-2024-174,0,0,15159,0,0,0,192,0,0,0,0,0,0,0,0,0,0,0,0,0,0,0,0,0,0,0,0,0,0,0,0,0,0,0,0,0,0,TUPU,MID,CH,2024,SAMPLE,109
TUPU-MID-CH-2024-175,0,0,7775,0,0,0,0,0,0,0,0,0,0,0,0,0,0,0,0,0,0,0,0,0,0,0,0,0,0,0,0,0,0,0,0,0,0,TUPU,MID,CH,2024,SAMPLE,109
TUPU-MID-CH-2024-205,0,76,9,0,5,70,0,0,187196,0,0,0,0,0,0,0,0,0,0,0,0,0,0,0,0,0,0,0,0,0,0,0,0,0,0,0,0,TUPU,MID,CH,2024,SAMPLE,100
TUPU-MID-CH-2024-206,0,60976,45237,0,0,10928,0,0,72929,607,0,0,0,0,88,0,0,0,0,0,0,0,0,0,0,0,0,0,0,0,0,0,0,0,0,0,0,TUPU,MID,CH,2024,SAMPLE,100
TUPU-MID-CH-2024-207,0,336,115234,0,0,87373,0,0,85317,0,0,0,0,0,18,0,0,0,0,0,0,0,0,0,0,0,0,0,0,0,0,0,0,0,0,0,0,TUPU,MID,CH,2024,SAMPLE,100
TUPU-MID-CH-2024-208,0,1669,0,0,0,103922,0,1008,0,0,0,0,0,0,0,0,0,0,0,0,0,0,0,0,0,0,168,0,0,0,0,0,0,0,0,0,0,TUPU,MID,CH,2024,SAMPLE,100
TUPU-MID-CH-2024-209,0,123586,4900,0,0,0,0,0,0,0,0,0,0,0,0,0,0,0,0,0,0,0,0,0,0,0,0,0,0,0,0,0,0,0,0,0,0,TUPU,MID,CH,2024,SAMPLE,100
TUPU-MID-CH-2024-211,0,2343,0,0,0,0,0,0,0,0,0,0,0,0,0,0,0,0,0,0,0,0,0,0,0,0,0,0,0,0,0,0,0,0,0,0,0,TUPU,MID,CH,2024,SAMPLE,100
TUPU-MID-CH-2024-213,0,47,75381,0,0,0,0,0,0,4,0,0,0,0,0,0,0,0,0,0,0,0,0,0,0,0,0,0,0,0,0,0,0,0,0,0,0,TUPU,MID,CH,2024,SAMPLE,101
TUPU-MID-CH-2024-214,0,0,67602,0,0,0,164,0,1687,0,0,0,0,0,0,0,0,0,0,0,0,0,0,0,0,0,0,0,0,0,0,0,0,0,0,0,0,TUPU,MID,CH,2024,SAMPLE,101
TUPU-MID-CH-2024-241,0,77,161484,0,11,128,5,0,40,71,0,0,0,0,0,0,0,0,0,0,0,0,0,0,0,0,0,0,0,0,0,0,0,0,0,0,0,TUPU,MID,CH,2024,SAMPLE,101
TUPU-MID-CH-2024-243,0,8,1798,0,0,0,35,0,0,0,0,0,0,0,0,0,0,0,0,0,0,0,0,0,0,0,0,0,0,0,0,0,0,0,0,0,0,TUPU,MID,CH,2024,SAMPLE,101
TUPU-MID-CH-2024-244,0,3,32285,0,0,0,0,0,0,0,0,0,0,0,0,0,0,0,0,0,0,0,0,0,0,0,0,0,0,0,0,0,0,0,0,0,0,TUPU,MID,CH,2024,SAMPLE,101
TUPU-MID-CH-2024-249,0,0,70220,0,0,0,0,0,0,0,0,0,0,0,0,0,0,0,0,0,0,0,0,0,0,0,0,0,0,0,0,0,0,0,0,0,0,TUPU,MID,CH,2024,SAMPLE,101
TUPU-MID-CH-2024-253,0,6098,54471,0,0,0,0,0,11,0,0,0,0,0,0,0,0,0,0,0,0,0,0,0,0,0,0,0,0,0,0,0,0,0,0,0,0,TUPU,MID,CH,2024,SAMPLE,101
TUPU-MID-CH-2024-260,0,51,165841,0,0,0,0,0,48,0,0,0,0,0,0,0,0,0,0,0,0,0,0,0,0,0,0,0,0,0,0,0,0,0,0,0,0,TUPU,MID,CH,2024,SAMPLE,101
TUPU-MID-CH-2024-265,0,127957,13776,0,0,0,0,0,0,0,0,0,0,0,0,0,0,0,0,0,0,0,0,0,0,0,0,0,0,0,0,0,0,0,0,0,0,TUPU,MID,CH,2024,SAMPLE,101
TUPU-MID-CH-2024-274,0,0,10094,0,0,32131,0,0,65483,0,0,0,0,0,0,0,0,0,0,0,0,0,0,0,0,0,0,0,0,0,0,0,0,0,0,0,0,TUPU,MID,CH,2024,SAMPLE,102
TUPU-MID-CH-2024-276,0,193128,375831,0,0,165,0,0,3973,15,0,0,0,0,0,0,0,0,0,0,0,0,0,0,0,0,0,0,0,0,0,0,0,0,0,0,0,TUPU,MID,CH,2024,SAMPLE,102
TUPU-MID-CH-2024-277,0,7557,347192,0,0,55242,0,0,20402,0,0,0,0,0,0,0,0,0,0,0,0,0,0,0,0,0,0,0,0,0,0,0,0,0,0,0,0,TUPU,MID,CH,2024,SAMPLE,102
TUPU-MID-CH-2024-278,0,41200,90226,0,0,28051,0,0,360,130,0,0,0,0,0,0,0,0,0,0,0,0,0,0,0,0,0,0,0,0,0,0,0,0,0,0,0,TUPU,MID,CH,2024,SAMPLE,102
TUPU-MID-CH-2024-280,0,40549,45998,0,0,16760,0,0,14340,0,0,0,0,0,629,0,0,0,0,0,0,0,0,0,0,0,0,0,0,0,0,0,0,0,0,0,0,TUPU,MID,CH,2024,SAMPLE,102
TUPU-MID-CH-2024-291,0,0,98713,0,0,0,0,0,0,0,0,0,0,0,0,0,0,0,0,0,0,0,0,0,0,0,0,0,0,0,0,0,0,0,0,0,0,TUPU,MID,CH,2024,SAMPLE,102
TUPU-MID-CH-2024-292,0,798,108787,0,1416,4017,0,0,236,0,0,0,0,0,0,0,0,0,0,0,0,0,0,0,0,0,0,0,0,0,0,0,0,0,0,0,0,TUPU,MID,CH,2024,SAMPLE,102
TUPU-MID-CH-2024-293,20,2131,7680,56,0,0,0,0,0,0,0,0,0,0,0,0,0,0,0,0,0,0,0,0,0,0,0,0,0,0,0,0,0,0,0,0,0,TUPU,MID,CH,2024,SAMPLE,102
TUPU-MID-CH-2024-294,0,59,297117,0,416,22220,0,0,19962,0,0,0,0,0,0,0,0,0,0,0,0,0,0,0,0,0,0,0,0,0,0,0,0,0,0,0,0,TUPU,MID,CH,2024,SAMPLE,102
TUPU-MID-CH-2024-295,0,5037,55006,2130,0,0,1521,0,0,0,0,0,0,0,0,0,0,0,0,0,0,0,0,0,0,0,0,0,0,0,0,0,0,0,0,0,0,TUPU,MID,CH,2024,SAMPLE,102